{
    "finalPnL": 0.37623410179631384,
    "finalPayoff": 0.0,
    "initialPrice": 4.28833368142098,
    "initialPriceStdDev": 0.02681243755181652,
    "time": 8.038529300014488
}