{
    "finalPnL": -0.2027027849783556,
    "finalPayoff": 3.196734400000011,
    "initialPrice": 6.348726643720961,
    "initialPriceStdDev": 0.031478837590620805,
    "time": 4.231086600018898
}