{
    "finalPnL": 1.3817839241829408,
    "finalPayoff": 0.8867669999999919,
    "initialPrice": 8.331395768925992,
    "initialPriceStdDev": 0.047292297586867725,
    "time": 1.6224468000000343
}