{
    "finalPnL": 0.009810049082877505,
    "finalPayoff": 0.0,
    "initialPrice": 17.673985221010724,
    "initialPriceStdDev": 0.09489019074180047,
    "time": 11.941112999978941
}