{
    "finalPnL": 0.6233317819698407,
    "finalPayoff": 3.1089719999999943,
    "initialPrice": 10.462786517741913,
    "initialPriceStdDev": 0.06600781767852494,
    "time": 0.908102899993537
}