{
    "finalPnL": 0.029664075961271186,
    "finalPayoff": 1.1729721610517732,
    "initialPrice": 1.257201068829003,
    "initialPriceStdDev": 0.0005885228711587868,
    "time": 7.3062362000055145
}