{
    "time": 12.212219,
    "finalPnL": 0.2613505099235336,
    "initialPrice": 4.32282024938126,
    "initialPriceStdDev": 0.026959657934557554
}