{
    "time": 15.792043,
    "finalPnL": -0.2582649817986598,
    "initialPrice": 17.540912888174663,
    "initialPriceStdDev": 0.09431227202578767
}