{
    "time": 5.840483,
    "finalPnL": -0.17983358833008056,
    "initialPrice": 6.405294614900694,
    "initialPriceStdDev": 0.03156891511201331
}