{
    "time": 2.093294,
    "finalPnL": 1.3673285889196811,
    "initialPrice": 8.185566696294861,
    "initialPriceStdDev": 0.04714100315542075
}