{
    "time": 1.159814,
    "finalPnL": 1.346727120795025,
    "initialPrice": 10.261027753708964,
    "initialPriceStdDev": 0.06489518741636756
}