{
    "time": 6.844779,
    "finalPnL": 0.02632647950682565,
    "initialPrice": 1.25672415322178,
    "initialPriceStdDev": 0.0005889517683541199
}